Workbook

Sheet Pedidos
A1: Fecha | B1: WhatsApp | C1: Nombre | D1: Tipo | E1: Producto | F1: Piezas | G1: Total ($) | H1: Entrega | I1: Origen | J1: Sello
A2: 2026-10-03 | B2: 528112345678 | C2: Ana | D2: Venta | E2: Casete (con NFC) | F2: 1 | G2: 110 | H2: Soriana Colosio | I2: Página | J2: =IF(AND(D2="Venta",I2="Página"),1,0)
A3: 2026-10-10 | B3: 528112345678 | C3: Ana | D3: Venta | E3: Cartucho 8 bits | F3: 2 | G3: 150 | H3: Cruz Roja | I3: Página | J3: =IF(AND(D3="Venta",I3="Página"),1,0)
A4: 2026-10-11 | B4: 528187654321 | C4: Luis | D4: Venta | E4: Onigiri | F4: 1 | G4: 60 | H4: Tianguis | I4: Tianguis | J4: =IF(AND(D4="Venta",I4="Página"),1,0)
J5: =IF(AND(D5="Venta",I5="Página"),1,0)
J6: =IF(AND(D6="Venta",I6="Página"),1,0)
J7: =IF(AND(D7="Venta",I7="Página"),1,0)
J8: =IF(AND(D8="Venta",I8="Página"),1,0)
J9: =IF(AND(D9="Venta",I9="Página"),1,0)
J10: =IF(AND(D10="Venta",I10="Página"),1,0)
J11: =IF(AND(D11="Venta",I11="Página"),1,0)
J12: =IF(AND(D12="Venta",I12="Página"),1,0)
J13: =IF(AND(D13="Venta",I13="Página"),1,0)
J14: =IF(AND(D14="Venta",I14="Página"),1,0)
J15: =IF(AND(D15="Venta",I15="Página"),1,0)
J16: =IF(AND(D16="Venta",I16="Página"),1,0)
... J501: =IF(AND(D501="Venta",I501="Página"),1,0)

Sheet Config
A1: Configuración de la promoción
A2: Sellos para llavero con nombre gratis | B2: 5 | C2: Número de pedido que gana el llavero con nombre.
A3: Sellos para abrir la cápsula | B3: 10 | C3: Número de pedido que gana la cápsula sorpresa.
A4: Piezas para domicilio gratis en Santa Catarina | B4: 5 | C4: Fuente: política de entregas del sitio (src/data/entregas.json).
A5: Envío a otros municipios del área metropolitana ($) | B5: 80 | C5: Fuente: política de entregas del sitio.
A8: Leyenda
A9: Celdas amarillas con texto azul: las llenas tú. Todo lo demás se calcula solo.
A10: Solo cuentan para sellos los pedidos con Tipo = Venta y Origen = Página (así lo dice la promo en el sitio).
A11: Cuando canjeas un premio, registra una fila con Tipo = Canje llavero o Canje cápsula: no suma sello y marca el premio como entregado.

Sheet Sellos
A1: WhatsApp | B1: Nombre | C1: Sellos | D1: Faltan para llavero | E1: Faltan para cápsula | F1: Llavero canjeado | G1: Cápsula canjeada | H1: Estado
A2: 528112345678 | B2: =IF(A2="","",IFERROR(INDEX(Pedidos!$C$2:$C$501,MATCH(A2,Pedidos!$B$2:$B$501,0)),"")) | C2: =IF(A2="","",SUMIFS(Pedidos!$J$2:$J$501,Pedidos!$B$2:$B$501,A2)) | D2: =IF(A2="","",MAX(0,Config!$B$2-C2)) | E2: =IF(A2="","",MAX(0,Config!$B$3-C2)) | F2: =IF(A2="","",IF(COUNTIFS(Pedidos!$B$2:$B$501,A2,Pedidos!$D$2:$D$501,"Canje llavero")>0,"Sí","No")) | G2: =IF(A2="","",IF(COUNTIFS(Pedidos!$B$2:$B$501,A2,Pedidos!$D$2:$D$501,"Canje cápsula")>0,"Sí","No")) | H2: =IF(A2="","",IF(AND(C2>=Config!$B$3,G2="No"),"¡Le toca abrir la cápsula!",IF(AND(C2>=Config!$B$2,F2="No"),"¡Le toca llavero con nombre!",IF(C2<Config!$B$2,"Faltan "&D2&" para el llavero","Faltan "&E2&" para la cápsula"))))
A3: 528187654321 | B3: =IF(A3="","",IFERROR(INDEX(Pedidos!$C$2:$C$501,MATCH(A3,Pedidos!$B$2:$B$501,0)),"")) | C3: =IF(A3="","",SUMIFS(Pedidos!$J$2:$J$501,Pedidos!$B$2:$B$501,A3)) | D3: =IF(A3="","",MAX(0,Config!$B$2-C3)) | E3: =IF(A3="","",MAX(0,Config!$B$3-C3)) | F3: =IF(A3="","",IF(COUNTIFS(Pedidos!$B$2:$B$501,A3,Pedidos!$D$2:$D$501,"Canje llavero")>0,"Sí","No")) | G3: =IF(A3="","",IF(COUNTIFS(Pedidos!$B$2:$B$501,A3,Pedidos!$D$2:$D$501,"Canje cápsula")>0,"Sí","No")) | H3: =IF(A3="","",IF(AND(C3>=Config!$B$3,G3="No"),"¡Le toca abrir la cápsula!",IF(AND(C3>=Config!$B$2,F3="No"),"¡Le toca llavero con nombre!",IF(C3<Config!$B$2,"Faltan "&D3&" para el llavero","Faltan "&E3&" para la cápsula"))))
B4: =IF(A4="","",IFERROR(INDEX(Pedidos!$C$2:$C$501,MATCH(A4,Pedidos!$B$2:$B$501,0)),"")) | C4: =IF(A4="","",SUMIFS(Pedidos!$J$2:$J$501,Pedidos!$B$2:$B$501,A4)) | D4: =IF(A4="","",MAX(0,Config!$B$2-C4)) | E4: =IF(A4="","",MAX(0,Config!$B$3-C4)) | F4: =IF(A4="","",IF(COUNTIFS(Pedidos!$B$2:$B$501,A4,Pedidos!$D$2:$D$501,"Canje llavero")>0,"Sí","No")) | G4: =IF(A4="","",IF(COUNTIFS(Pedidos!$B$2:$B$501,A4,Pedidos!$D$2:$D$501,"Canje cápsula")>0,"Sí","No")) | H4: =IF(A4="","",IF(AND(C4>=Config!$B$3,G4="No"),"¡Le toca abrir la cápsula!",IF(AND(C4>=Config!$B$2,F4="No"),"¡Le toca llavero con nombre!",IF(C4<Config!$B$2,"Faltan "&D4&" para el llavero","Faltan "&E4&" para la cápsula"))))
B5: =IF(A5="","",IFERROR(INDEX(Pedidos!$C$2:$C$501,MATCH(A5,Pedidos!$B$2:$B$501,0)),"")) | C5: =IF(A5="","",SUMIFS(Pedidos!$J$2:$J$501,Pedidos!$B$2:$B$501,A5)) | D5: =IF(A5="","",MAX(0,Config!$B$2-C5)) | E5: =IF(A5="","",MAX(0,Config!$B$3-C5)) | F5: =IF(A5="","",IF(COUNTIFS(Pedidos!$B$2:$B$501,A5,Pedidos!$D$2:$D$501,"Canje llavero")>0,"Sí","No")) | G5: =IF(A5="","",IF(COUNTIFS(Pedidos!$B$2:$B$501,A5,Pedidos!$D$2:$D$501,"Canje cápsula")>0,"Sí","No")) | H5: =IF(A5="","",IF(AND(C5>=Config!$B$3,G5="No"),"¡Le toca abrir la cápsula!",IF(AND(C5>=Config!$B$2,F5="No"),"¡Le toca llavero con nombre!",IF(C5<Config!$B$2,"Faltan "&D5&" para el llavero","Faltan "&E5&" para la cápsula"))))
B6: =IF(A6="","",IFERROR(INDEX(Pedidos!$C$2:$C$501,MATCH(A6,Pedidos!$B$2:$B$501,0)),"")) | C6: =IF(A6="","",SUMIFS(Pedidos!$J$2:$J$501,Pedidos!$B$2:$B$501,A6)) | D6: =IF(A6="","",MAX(0,Config!$B$2-C6)) | E6: =IF(A6="","",MAX(0,Config!$B$3-C6)) | F6: =IF(A6="","",IF(COUNTIFS(Pedidos!$B$2:$B$501,A6,Pedidos!$D$2:$D$501,"Canje llavero")>0,"Sí","No")) | G6: =IF(A6="","",IF(COUNTIFS(Pedidos!$B$2:$B$501,A6,Pedidos!$D$2:$D$501,"Canje cápsula")>0,"Sí","No")) | H6: =IF(A6="","",IF(AND(C6>=Config!$B$3,G6="No"),"¡Le toca abrir la cápsula!",IF(AND(C6>=Config!$B$2,F6="No"),"¡Le toca llavero con nombre!",IF(C6<Config!$B$2,"Faltan "&D6&" para el llavero","Faltan "&E6&" para la cápsula"))))
B7: =IF(A7="","",IFERROR(INDEX(Pedidos!$C$2:$C$501,MATCH(A7,Pedidos!$B$2:$B$501,0)),"")) | C7: =IF(A7="","",SUMIFS(Pedidos!$J$2:$J$501,Pedidos!$B$2:$B$501,A7)) | D7: =IF(A7="","",MAX(0,Config!$B$2-C7)) | E7: =IF(A7="","",MAX(0,Config!$B$3-C7)) | F7: =IF(A7="","",IF(COUNTIFS(Pedidos!$B$2:$B$501,A7,Pedidos!$D$2:$D$501,"Canje llavero")>0,"Sí","No")) | G7: =IF(A7="","",IF(COUNTIFS(Pedidos!$B$2:$B$501,A7,Pedidos!$D$2:$D$501,"Canje cápsula")>0,"Sí","No")) | H7: =IF(A7="","",IF(AND(C7>=Config!$B$3,G7="No"),"¡Le toca abrir la cápsula!",IF(AND(C7>=Config!$B$2,F7="No"),"¡Le toca llavero con nombre!",IF(C7<Config!$B$2,"Faltan "&D7&" para el llavero","Faltan "&E7&" para la cápsula"))))
B8: =IF(A8="","",IFERROR(INDEX(Pedidos!$C$2:$C$501,MATCH(A8,Pedidos!$B$2:$B$501,0)),"")) | C8: =IF(A8="","",SUMIFS(Pedidos!$J$2:$J$501,Pedidos!$B$2:$B$501,A8)) | D8: =IF(A8="","",MAX(0,Config!$B$2-C8)) | E8: =IF(A8="","",MAX(0,Config!$B$3-C8)) | F8: =IF(A8="","",IF(COUNTIFS(Pedidos!$B$2:$B$501,A8,Pedidos!$D$2:$D$501,"Canje llavero")>0,"Sí","No")) | G8: =IF(A8="","",IF(COUNTIFS(Pedidos!$B$2:$B$501,A8,Pedidos!$D$2:$D$501,"Canje cápsula")>0,"Sí","No")) | H8: =IF(A8="","",IF(AND(C8>=Config!$B$3,G8="No"),"¡Le toca abrir la cápsula!",IF(AND(C8>=Config!$B$2,F8="No"),"¡Le toca llavero con nombre!",IF(C8<Config!$B$2,"Faltan "&D8&" para el llavero","Faltan "&E8&" para la cápsula"))))
B9: =IF(A9="","",IFERROR(INDEX(Pedidos!$C$2:$C$501,MATCH(A9,Pedidos!$B$2:$B$501,0)),"")) | C9: =IF(A9="","",SUMIFS(Pedidos!$J$2:$J$501,Pedidos!$B$2:$B$501,A9)) | D9: =IF(A9="","",MAX(0,Config!$B$2-C9)) | E9: =IF(A9="","",MAX(0,Config!$B$3-C9)) | F9: =IF(A9="","",IF(COUNTIFS(Pedidos!$B$2:$B$501,A9,Pedidos!$D$2:$D$501,"Canje llavero")>0,"Sí","No")) | G9: =IF(A9="","",IF(COUNTIFS(Pedidos!$B$2:$B$501,A9,Pedidos!$D$2:$D$501,"Canje cápsula")>0,"Sí","No")) | H9: =IF(A9="","",IF(AND(C9>=Config!$B$3,G9="No"),"¡Le toca abrir la cápsula!",IF(AND(C9>=Config!$B$2,F9="No"),"¡Le toca llavero con nombre!",IF(C9<Config!$B$2,"Faltan "&D9&" para el llavero","Faltan "&E9&" para la cápsula"))))
B10: =IF(A10="","",IFERROR(INDEX(Pedidos!$C$2:$C$501,MATCH(A10,Pedidos!$B$2:$B$501,0)),"")) | C10: =IF(A10="","",SUMIFS(Pedidos!$J$2:$J$501,Pedidos!$B$2:$B$501,A10)) | D10: =IF(A10="","",MAX(0,Config!$B$2-C10)) | E10: =IF(A10="","",MAX(0,Config!$B$3-C10)) | F10: =IF(A10="","",IF(COUNTIFS(Pedidos!$B$2:$B$501,A10,Pedidos!$D$2:$D$501,"Canje llavero")>0,"Sí","No")) | G10: =IF(A10="","",IF(COUNTIFS(Pedidos!$B$2:$B$501,A10,Pedidos!$D$2:$D$501,"Canje cápsula")>0,"Sí","No")) | H10: =IF(A10="","",IF(AND(C10>=Config!$B$3,G10="No"),"¡Le toca abrir la cápsula!",IF(AND(C10>=Config!$B$2,F10="No"),"¡Le toca llavero con nombre!",IF(C10<Config!$B$2,"Faltan "&D10&" para el llavero","Faltan "&E10&" para la cápsula"))))
B11: =IF(A11="","",IFERROR(INDEX(Pedidos!$C$2:$C$501,MATCH(A11,Pedidos!$B$2:$B$501,0)),"")) | C11: =IF(A11="","",SUMIFS(Pedidos!$J$2:$J$501,Pedidos!$B$2:$B$501,A11)) | D11: =IF(A11="","",MAX(0,Config!$B$2-C11)) | E11: =IF(A11="","",MAX(0,Config!$B$3-C11)) | F11: =IF(A11="","",IF(COUNTIFS(Pedidos!$B$2:$B$501,A11,Pedidos!$D$2:$D$501,"Canje llavero")>0,"Sí","No")) | G11: =IF(A11="","",IF(COUNTIFS(Pedidos!$B$2:$B$501,A11,Pedidos!$D$2:$D$501,"Canje cápsula")>0,"Sí","No")) | H11: =IF(A11="","",IF(AND(C11>=Config!$B$3,G11="No"),"¡Le toca abrir la cápsula!",IF(AND(C11>=Config!$B$2,F11="No"),"¡Le toca llavero con nombre!",IF(C11<Config!$B$2,"Faltan "&D11&" para el llavero","Faltan "&E11&" para la cápsula"))))
B12: =IF(A12="","",IFERROR(INDEX(Pedidos!$C$2:$C$501,MATCH(A12,Pedidos!$B$2:$B$501,0)),"")) | C12: =IF(A12="","",SUMIFS(Pedidos!$J$2:$J$501,Pedidos!$B$2:$B$501,A12)) | D12: =IF(A12="","",MAX(0,Config!$B$2-C12)) | E12: =IF(A12="","",MAX(0,Config!$B$3-C12)) | F12: =IF(A12="","",IF(COUNTIFS(Pedidos!$B$2:$B$501,A12,Pedidos!$D$2:$D$501,"Canje llavero")>0,"Sí","No")) | G12: =IF(A12="","",IF(COUNTIFS(Pedidos!$B$2:$B$501,A12,Pedidos!$D$2:$D$501,"Canje cápsula")>0,"Sí","No")) | H12: =IF(A12="","",IF(AND(C12>=Config!$B$3,G12="No"),"¡Le toca abrir la cápsula!",IF(AND(C12>=Config!$B$2,F12="No"),"¡Le toca llavero con nombre!",IF(C12<Config!$B$2,"Faltan "&D12&" para el llavero","Faltan "&E12&" para la cápsula"))))
B13: =IF(A13="","",IFERROR(INDEX(Pedidos!$C$2:$C$501,MATCH(A13,Pedidos!$B$2:$B$501,0)),"")) | C13: =IF(A13="","",SUMIFS(Pedidos!$J$2:$J$501,Pedidos!$B$2:$B$501,A13)) | D13: =IF(A13="","",MAX(0,Config!$B$2-C13)) | E13: =IF(A13="","",MAX(0,Config!$B$3-C13)) | F13: =IF(A13="","",IF(COUNTIFS(Pedidos!$B$2:$B$501,A13,Pedidos!$D$2:$D$501,"Canje llavero")>0,"Sí","No")) | G13: =IF(A13="","",IF(COUNTIFS(Pedidos!$B$2:$B$501,A13,Pedidos!$D$2:$D$501,"Canje cápsula")>0,"Sí","No")) | H13: =IF(A13="","",IF(AND(C13>=Config!$B$3,G13="No"),"¡Le toca abrir la cápsula!",IF(AND(C13>=Config!$B$2,F13="No"),"¡Le toca llavero con nombre!",IF(C13<Config!$B$2,"Faltan "&D13&" para el llavero","Faltan "&E13&" para la cápsula"))))
B14: =IF(A14="","",IFERROR(INDEX(Pedidos!$C$2:$C$501,MATCH(A14,Pedidos!$B$2:$B$501,0)),"")) | C14: =IF(A14="","",SUMIFS(Pedidos!$J$2:$J$501,Pedidos!$B$2:$B$501,A14)) | D14: =IF(A14="","",MAX(0,Config!$B$2-C14)) | E14: =IF(A14="","",MAX(0,Config!$B$3-C14)) | F14: =IF(A14="","",IF(COUNTIFS(Pedidos!$B$2:$B$501,A14,Pedidos!$D$2:$D$501,"Canje llavero")>0,"Sí","No")) | G14: =IF(A14="","",IF(COUNTIFS(Pedidos!$B$2:$B$501,A14,Pedidos!$D$2:$D$501,"Canje cápsula")>0,"Sí","No")) | H14: =IF(A14="","",IF(AND(C14>=Config!$B$3,G14="No"),"¡Le toca abrir la cápsula!",IF(AND(C14>=Config!$B$2,F14="No"),"¡Le toca llavero con nombre!",IF(C14<Config!$B$2,"Faltan "&D14&" para el llavero","Faltan "&E14&" para la cápsula"))))
B15: =IF(A15="","",IFERROR(INDEX(Pedidos!$C$2:$C$501,MATCH(A15,Pedidos!$B$2:$B$501,0)),"")) | C15: =IF(A15="","",SUMIFS(Pedidos!$J$2:$J$501,Pedidos!$B$2:$B$501,A15)) | D15: =IF(A15="","",MAX(0,Config!$B$2-C15)) | E15: =IF(A15="","",MAX(0,Config!$B$3-C15)) | F15: =IF(A15="","",IF(COUNTIFS(Pedidos!$B$2:$B$501,A15,Pedidos!$D$2:$D$501,"Canje llavero")>0,"Sí","No")) | G15: =IF(A15="","",IF(COUNTIFS(Pedidos!$B$2:$B$501,A15,Pedidos!$D$2:$D$501,"Canje cápsula")>0,"Sí","No")) | H15: =IF(A15="","",IF(AND(C15>=Config!$B$3,G15="No"),"¡Le toca abrir la cápsula!",IF(AND(C15>=Config!$B$2,F15="No"),"¡Le toca llavero con nombre!",IF(C15<Config!$B$2,"Faltan "&D15&" para el llavero","Faltan "&E15&" para la cápsula"))))
... B301: =IF(A301="","",IFERROR(INDEX(Pedidos!$C$2:$C$501,MATCH(A301,Pedidos!$B$2:$B$501,0)),"")) | C301: =IF(A301="","",SUMIFS(Pedidos!$J$2:$J$501,Pedidos!$B$2:$B$501,A301)) | D301: =IF(A301="","",MAX(0,Config!$B$2-C301)) | E301: =IF(A301="","",MAX(0,Config!$B$3-C301)) | F301: =IF(A301="","",IF(COUNTIFS(Pedidos!$B$2:$B$501,A301,Pedidos!$D$2:$D$501,"Canje llavero")>0,"Sí","No")) | G301: =IF(A301="","",IF(COUNTIFS(Pedidos!$B$2:$B$501,A301,Pedidos!$D$2:$D$501,"Canje cápsula")>0,"Sí","No")) | H301: =IF(A301="","",IF(AND(C301>=Config!$B$3,G301="No"),"¡Le toca abrir la cápsula!",IF(AND(C301>=Config!$B$2,F301="No"),"¡Le toca llavero con nombre!",IF(C301<Config!$B$2,"Faltan "&D301&" para el llavero","Faltan "&E301&" para la cápsula"))))

Sheet Resumen
A1: Resumen
A2: Pedidos registrados (ventas) | B2: =COUNTIF(Pedidos!D2:D501,"Venta")
A3: Piezas vendidas | B3: =SUMIFS(Pedidos!F2:F501,Pedidos!D2:D501,"Venta")
A4: Total vendido ($) | B4: =SUMIFS(Pedidos!G2:G501,Pedidos!D2:D501,"Venta")
A5: Pedidos desde la página | B5: =COUNTIFS(Pedidos!D2:D501,"Venta",Pedidos!I2:I501,"Página")
A6: Llaveros con nombre regalados | B6: =COUNTIF(Pedidos!D2:D501,"Canje llavero")
A7: Cápsulas abiertas | B7: =COUNTIF(Pedidos!D2:D501,"Canje cápsula")
A8: Clientes a los que ya les toca premio | B8: =COUNTIF(Sellos!H2:H301,"¡Le toca*")
